fraction,train_records,train_label_counts,train_macro_f1,train_mcc,train_high_recall,holdout_macro_f1,holdout_mcc,holdout_high_recall,holdout_high_precision
0.1,1415,"{'medium': 996, 'low': 299, 'high': 120}",0.9777124859551805,0.9753319573238626,0.975,0.8932861794550314,0.8944344270005464,0.675,0.81
0.25,3539,"{'medium': 2491, 'low': 748, 'high': 300}",0.962934106881713,0.9600182272047234,0.9366666666666666,0.9158942499671004,0.9144457309051403,0.7958333333333333,0.7925311203319502
0.5,7078,"{'medium': 4982, 'low': 1497, 'high': 599}",0.9704071521957314,0.9669318505264164,0.9499165275459098,0.9343644420417401,0.9301935928346581,0.85,0.8360655737704918
0.75,10616,"{'medium': 7472, 'low': 2246, 'high': 898}",0.9721708654897511,0.9688436088650182,0.9643652561247216,0.944120222307378,0.9390426931758646,0.8708333333333333,0.8636363636363636
1.0,14155,"{'medium': 9963, 'low': 2994, 'high': 1198}",0.9727389104646452,0.9698296739116526,0.9616026711185309,0.9490414301820191,0.945035207694112,0.8875,0.8693877551020408
