model,train_f1_macro,train_f1_micro,test_f1_macro,test_f1_micro,test_precision_macro,test_recall_macro,test_precision_micro,test_recall_micro,train_cases,test_cases,labels
logistic_regression,0.9079413358157319,0.8677248677248677,0.6777777777777778,0.8695652173913043,0.6666666666666665,0.7037037037037037,0.7692307692307693,1.0,144,36,27
random_forest,0.9705387205387205,0.9753086419753086,0.6666666666666666,0.9512195121951219,0.6666666666666666,0.6666666666666666,0.9285714285714286,0.975,144,36,27
catboost,0.9732323232323232,0.975609756097561,0.6913580246913581,0.9876543209876543,0.6851851851851852,0.7037037037037037,0.975609756097561,1.0,144,36,27
